Location,Area,Bedrooms,Bathrooms,Price
Alaknanda,1400,3,3,19000000
Alaknanda,1300,2,2,15000000
Alaknanda,450,1,1,3000000
Alaknanda,1400,2,2,16500000
Alaknanda,1440,3,3,19000000
Alaknanda,1150,2,2,16500000
Alaknanda,1300,3,3,19000000
Alaknanda,1320,3,2,15600000
Alaknanda,1500,3,3,21000000
Alaknanda,1400,2,2,14000000
Alaknanda,1200,2,2,17500000
Alaknanda,1200,2,2,14300000
Alaknanda,1100,2,2,15000000
Alaknanda,1600,3,3,20000000
Alaknanda,1500,3,3,26500000
Alaknanda,1800,4,2,21500000
Alaknanda,1000,3,3,19500000
Alaknanda,1400,3,2,26000000
Alaknanda,1800,3,3,20000000
Alaknanda,1250,3,3,20000000
Alaknanda,969,2,2,15000000
Alaknanda,1800,3,3,22500000
Alaknanda,1350,3,3,21000000
Alaknanda,1400,3,2,19000000
Alaknanda,1300,3,2,18500000
Alaknanda,1400,3,3,19000000
Alaknanda,1800,3,3,20000000
Alaknanda,1400,3,2,26000000
Alaknanda,1000,3,3,19500000
Alaknanda,1800,4,2,21500000
Alaknanda,1500,3,3,26500000
Alaknanda,1600,3,3,20000000
Alaknanda,969,2,2,15000000
Alaknanda,1400,3,2,19000000
Alaknanda,1800,3,3,22500000
Alaknanda,1100,2,2,15000000
Alaknanda,1200,2,2,17500000
Alaknanda,1400,2,2,14000000
Alaknanda,1500,3,3,21000000
Alaknanda,1320,3,2,15600000
Alaknanda,1300,3,3,19000000
Alaknanda,1150,2,2,16500000
Alaknanda,1440,3,3,19000000
Alaknanda,1400,2,2,16500000
Alaknanda,450,1,1,3000000
Alaknanda,1300,2,2,15000000
Alaknanda,1200,2,2,14300000
Alaknanda,1350,3,3,21000000
Alaknanda,980,2,2,13800000
Alaknanda,700,2,2,16500000
Alaknanda,980,2,2,13800000
Alaknanda,700,2,2,16500000
Alaknanda,1250,3,3,20000000
Alaknanda,1400,3,3,19000000
Alaknanda,1400,3,3,19000000
Alaknanda,1300,3,2,18500000
Chhattarpur,900,2,2,3500000
Chhattarpur,950,3,2,7020000
Chhattarpur,1300,3,3,4400000
Chhattarpur,950,3,2,7090000
Chhattarpur,3600,2,2,4500000
Chhattarpur,1305,4,3,5500000
Chhattarpur,1800,3,4,63000000
Chhattarpur,950,3,2,6990000
Chhattarpur,800,2,2,4400000
Chhattarpur,1800,4,4,12500000
Chhattarpur,800,2,2,3000000
Chhattarpur,1600,3,4,60000000
Chhattarpur,675,2,2,2800000
Chhattarpur,700,2,2,3000000
Chhattarpur,810,2,2,4500000
Chhattarpur,630,2,2,2800000
Chhattarpur,650,2,2,2500000
Chhattarpur,1800,4,4,8500000
Chhattarpur,725,2,2,3000000
Chhattarpur,825,3,2,5990000
Chhattarpur,1035,3,3,4500000
Chhattarpur,500,2,1,7000000
Chhattarpur,1500,3,3,7000000
Chhattarpur,1175,3,3,5000000
Chhattarpur,1500,3,3,6000000
Chhattarpur,750,2,2,3500000
Chhattarpur,580,1,1,1600000
Chhattarpur,765,2,2,2500000
Chhattarpur,900,3,2,4900000
Chhattarpur,1750,3,3,6500000
Chittaranjan Park,1600,3,3,33500000
Chittaranjan Park,875,3,3,17500000
Chittaranjan Park,1050,3,2,12500000
Chittaranjan Park,4118,4,5,55000000
Chittaranjan Park,1200,3,3,16500000
Chittaranjan Park,1200,3,2,15500000
Chittaranjan Park,1800,3,3,29000000
Chittaranjan Park,1900,3,4,28500000
Chittaranjan Park,1440,3,3,22500000
Chittaranjan Park,1800,4,4,40000000
Chittaranjan Park,2625,4,5,60000000
Chittaranjan Park,1650,3,3,35000000
Chittaranjan Park,945,2,1,6500000
Chittaranjan Park,1000,2,2,7500000
Chittaranjan Park,1450,3,3,22500000
Chittaranjan Park,1200,3,3,22200000
Chittaranjan Park,1200,3,3,22000000
Chittaranjan Park,1200,3,3,22500000
Chittaranjan Park,1070,2,3,18000000
Chittaranjan Park,1116,3,3,14700000
Chittaranjan Park,1700,3,3,47500000
Chittaranjan Park,2600,4,5,62500000
Chittaranjan Park,1250,3,3,25500000
Chittaranjan Park,2430,4,4,30000000
Chittaranjan Park,990,2,2,11500000
Chittaranjan Park,2097,3,3,29000000
Dwarka,1000,3,2,4620000
Dwarka,1000,3,2,4620000
Dwarka,1600,3,3,16200000
Dwarka,1600,3,2,15800000
Dwarka,1550,3,2,13200000
Dwarka,1500,3,3,14000000
Dwarka,2000,4,3,31500000
Dwarka,1550,3,2,15800000
Dwarka,1400,3,2,15000000
Dwarka,1900,3,3,25000000
Dwarka,1600,3,3,15200000
Dwarka,1650,3,3,15500000
Dwarka,1600,3,3,15600000
Dwarka,1850,3,2,15500000
Dwarka,1480,3,2,15800000
Dwarka,1214,2,2,12600000
Dwarka,1380,3,2,15000000
Dwarka,1600,4,2,19500000
Dwarka,1585,3,3,16600000
Dwarka,1700,3,3,17200000
Dwarka,1200,2,2,13000000
Dwarka,1800,4,3,16500000
Dwarka,1000,2,2,10700000
Dwarka,2700,4,3,27500000
Dwarka,1750,3,2,14900000
Dwarka,850,2,1,1900000
Dwarka,1350,3,2,5130000
Dwarka,540,2,2,3000000
Dwarka,1387,4,4,5890000
Dwarka,850,2,1,1900000
Dwarka,1350,3,2,5130000
Dwarka,540,2,2,3000000
Dwarka,1387,4,4,5890000
Dwarka,1050,3,2,3700000
Dwarka,1500,3,2,17400000
Dwarka,1200,3,3,15500000
Dwarka,1700,3,2,17200000
Dwarka,1500,3,2,14900000
Dwarka,1470,3,2,14500000
Dwarka,1800,3,2,15500000
Dwarka,765,3,2,3800000
Dwarka,450,2,2,2900000
Dwarka,1001,3,2,5800000
Dwarka,680,3,2,3400000
Dwarka,1200,4,3,6800000
Dwarka,900,3,2,2800000
Dwarka,500,2,2,3200000
Dwarka,540,2,2,3000000
Dwarka,1000,3,2,4620000
Dwarka,1750,3,3,17200000
Dwarka,1700,3,2,17200000
Dwarka,1200,3,3,15500000
Dwarka,1500,3,2,17400000
Dwarka,1050,3,2,3700000
Dwarka,1500,3,2,16200000
Dwarka,1700,3,2,16500000
Dwarka,1650,3,3,18000000
Dwarka,400,1,1,1850000
Dwarka,1525,3,3,14200000
Dwarka,1150,3,2,6800000
Dwarka,1800,3,2,14800000
Dwarka,1050,2,2,10500000
Dwarka,1540,3,3,14500000
Dwarka,1500,3,3,16000000
Dwarka,1560,3,2,15800000
Dwarka,2300,4,4,31500000
Dwarka,1400,3,2,11400000
Dwarka,1540,3,3,14500000
Dwarka,1800,4,3,19200000
Dwarka,1620,3,2,14900000
Dwarka,1800,4,2,16500000
Dwarka,1850,3,4,24000000
Dwarka,1700,4,3,20500000
Dwarka,1600,3,3,15600000
Dwarka,1500,3,2,17400000
Dwarka,1900,4,4,30000000
Dwarka,1400,3,3,13500000
Dwarka,1550,3,2,14200000
Dwarka,1700,3,2,17200000
Dwarka,700,2,1,2400000
Dwarka,1200,3,3,15500000
Dwarka,750,1,1,4600000
Dwarka,1050,3,2,3700000
Dwarka,1387,4,4,5890000
Dwarka,1350,3,2,5130000
Dwarka,2160,4,3,21000000
Dwarka,850,2,1,1900000
Greater Kailash,1200,3,3,25000000
Greater Kailash,2177,4,5,51000000
Greater Kailash,1440,3,3,26000000
Greater Kailash,1500,3,3,40000000
Greater Kailash,1600,3,3,22500000
Greater Kailash,1350,3,3,26000000
Greater Kailash,2799,4,4,43000000
Greater Kailash,3150,4,4,35000000
Greater Kailash,1200,3,2,17000000
Greater Kailash,3690,4,5,79000000
Greater Kailash,900,2,2,20000000
Greater Kailash,4500,4,4,70000000
Greater Kailash,3500,4,4,85000000
Greater Kailash,4500,4,4,47500000
Greater Kailash,2107,4,4,51100000
Greater Kailash,2700,4,4,36500000
Greater Kailash,1240,3,3,26500000
Greater Kailash,1000,2,2,15000000
Greater Kailash,4500,4,4,55000000
Greater Kailash,1150,3,3,26000000
Greater Kailash,2000,4,4,38000000
Greater Kailash,4500,4,5,72500000
Greater Kailash,3000,4,5,65000000
Greater Kailash,1400,3,3,18000000
Greater Kailash,2400,4,4,70000000
Greater Kailash,2700,4,3,60000000
Greater Kailash,1600,3,3,30000000
Greater Kailash,2200,4,4,40000000
Greater Kailash,2700,4,4,36500000
Greater Kailash,1400,3,3,18000000
Greater Kailash,1150,3,3,25500000
Greater Kailash,2200,4,4,47500000
Greater Kailash,2150,4,4,45000000
Greater Kailash,2200,4,4,47500000
Greater Kailash,2650,4,4,75000000
Greater Kailash,2799,4,4,65000000
Greater Kailash,3500,5,5,70000000
Greater Kailash,1600,3,3,30000000
Greater Kailash,2700,4,3,60000000
Greater Kailash,2400,4,4,70000000
Karol Bagh,1501,3,2,20000000
Karol Bagh,1135,3,3,24500000
Karol Bagh,1200,3,2,20900000
Karol Bagh,2200,3,3,43100000
Karol Bagh,1135,3,3,25000000
Karol Bagh,1200,3,2,14500000
Karol Bagh,1252,2,2,18500000
Karol Bagh,2000,4,4,39700000
Karol Bagh,530,4,1,6800000
Karol Bagh,1775,3,3,25500000
Karol Bagh,535,2,1,3900000
Karol Bagh,468,2,2,4100000
Karol Bagh,1600,3,3,24000000
Karol Bagh,1332,3,2,6540000
Karol Bagh,1143,2,2,16000000
Karol Bagh,1206,3,3,20000000
Karol Bagh,576,2,2,5000000
Karol Bagh,675,2,2,10000000
Karol Bagh,1135,3,3,25000000
Karol Bagh,1775,3,3,25500000
Karol Bagh,1280,3,3,15000000
Karol Bagh,1135,3,3,25000000
Karol Bagh,950,2,2,12500000
Karol Bagh,1017,3,3,22000000
Karol Bagh,720,2,1,7000000
Karol Bagh,987,2,2,17000000
Karol Bagh,1912,3,3,27500000
Karol Bagh,2805,4,4,52300000
Karol Bagh,1500,3,3,16000000
Karol Bagh,1775,3,3,25500000
Lajpat Nagar,1400,3,3,24500000
Lajpat Nagar,900,2,2,10500000
Lajpat Nagar,2700,4,4,55000000
Lajpat Nagar,2880,4,5,46000000
Lajpat Nagar,1500,3,3,40000000
Lajpat Nagar,1350,3,3,35000000
Lajpat Nagar,1080,3,2,22500000
Lajpat Nagar,2200,3,3,30000000
Lajpat Nagar,1350,3,3,41500000
Lajpat Nagar,1500,3,3,31500000
Lajpat Nagar,1600,3,3,30000000
Lajpat Nagar,1710,3,3,30000000
Lajpat Nagar,2925,4,4,57500000
Lajpat Nagar,1260,3,3,21000000
Lajpat Nagar,1450,3,3,30000000
Lajpat Nagar,1710,3,3,24800000
Lajpat Nagar,800,2,2,15000000
Lajpat Nagar,1000,2,2,20000000
Lajpat Nagar,1400,3,3,32500000
Lajpat Nagar,750,2,2,11500000
Lajpat Nagar,1500,3,3,26000000
Lajpat Nagar,1350,2,2,12500000
Lajpat Nagar,1500,1,1,13500000
Lajpat Nagar,800,2,2,14000000
Lajpat Nagar,1500,1,1,13500000
Lajpat Nagar,1600,3,3,29500000
Lajpat Nagar,1800,3,3,24500000
Lajpat Nagar,1700,3,3,28000000
Lajpat Nagar,1450,3,3,45000000
Lajpat Nagar,1400,3,3,32500000
Lajpat Nagar,1700,3,3,27500000
Lajpat Nagar,1350,3,3,21000000
Lajpat Nagar,1600,3,3,26000000
Lajpat Nagar,1700,3,3,19000000
Lajpat Nagar,1000,2,2,20000000
Lajpat Nagar,1350,3,3,21000000
Lajpat Nagar,1450,3,3,37500000
Lajpat Nagar,1500,3,3,26000000
Lajpat Nagar,750,2,2,13600000
Lajpat Nagar,1500,3,3,26000000
Lajpat Nagar,900,2,2,13000000
Lajpat Nagar,1000,3,3,22000000
Lajpat Nagar,900,2,2,15800000
Lajpat Nagar,2925,4,4,57500000
Lajpat Nagar,900,2,2,11000000
Lajpat Nagar,1800,3,3,28500000
Lajpat Nagar,850,2,2,11500000
Lajpat Nagar,900,2,2,11000000
Lajpat Nagar,890,2,2,8300000
Lajpat Nagar,850,2,2,14600000
Lajpat Nagar,1500,3,3,31500000
Lajpat Nagar,1150,3,3,24000000
Lajpat Nagar,1143,3,3,22000000
Lajpat Nagar,900,2,2,10000000
Lajpat Nagar,1600,3,3,30000000
Lajpat Nagar,1100,3,3,22500000
Lajpat Nagar,900,1,1,8900000
Lajpat Nagar,600,2,2,11500000
Lajpat Nagar,1260,3,3,21000000
Lajpat Nagar,900,2,2,15800000
Lajpat Nagar,1450,3,3,30000000
Lajpat Nagar,825,2,2,15000000
Lajpat Nagar,900,2,2,13500000
Lajpat Nagar,900,2,2,13000000
Lajpat Nagar,875,2,2,15000000
Lajpat Nagar,1350,3,3,25000000
Lajpat Nagar,1130,2,2,7800000
Lajpat Nagar,750,2,2,16500000
Lajpat Nagar,900,2,2,10300000
Lajpat Nagar,1350,3,3,26000000
Lajpat Nagar,1350,3,4,25000000
Lajpat Nagar,1710,3,3,26000000
Lajpat Nagar,1650,3,3,30000000
Lajpat Nagar,1280,2,2,12500000
Lajpat Nagar,850,2,2,14600000
Lajpat Nagar,810,2,2,8910000
Lajpat Nagar,1575,3,3,25500000
Lajpat Nagar,1710,3,3,26000000
Lajpat Nagar,1675,3,3,31000000
Lajpat Nagar,1350,3,3,22000000
Lajpat Nagar,900,2,2,13400000
Lajpat Nagar,1800,3,3,35000000
Lajpat Nagar,900,2,2,11000000
Lajpat Nagar,1100,2,3,22500000
Lajpat Nagar,900,2,2,12500000
Lajpat Nagar,800,2,2,14500000
Lajpat Nagar,810,2,2,15500000
Lajpat Nagar,900,2,2,6300000
Laxmi Nagar,1000,2,2,5000000
Laxmi Nagar,450,2,1,2500000
Laxmi Nagar,900,4,2,6600000
Laxmi Nagar,500,2,1,3700000
Laxmi Nagar,441,2,1,3500000
Laxmi Nagar,800,3,2,5400000
Laxmi Nagar,450,2,2,2550000
Laxmi Nagar,1000,3,3,12500000
Laxmi Nagar,540,2,1,3500000
Laxmi Nagar,600,2,2,7000000
Laxmi Nagar,810,3,2,9000000
Laxmi Nagar,900,3,2,6000000
Laxmi Nagar,387,1,2,1700000
Laxmi Nagar,1000,2,2,7500000
Laxmi Nagar,990,3,2,4000000
Laxmi Nagar,450,2,1,3500000
Laxmi Nagar,715,2,2,5600000
Laxmi Nagar,800,3,2,4500000
Laxmi Nagar,550,2,2,3600000
Laxmi Nagar,675,2,2,2400000
Laxmi Nagar,1700,4,3,11500000
Laxmi Nagar,801,3,2,6000000
Laxmi Nagar,450,1,2,2700000
Laxmi Nagar,1000,3,2,6500000
Laxmi Nagar,990,3,2,4000000
Laxmi Nagar,420,2,1,2600000
Laxmi Nagar,1000,3,2,6000000
Laxmi Nagar,1000,2,2,7500000
Laxmi Nagar,900,3,2,7000000
Laxmi Nagar,720,3,3,5500000
Laxmi Nagar,450,2,1,2700000
Laxmi Nagar,450,2,1,3500000
Mehrauli,600,2,2,3200000
Mehrauli,1100,3,2,8500000
Mehrauli,450,1,1,1650000
Mehrauli,405,1,1,1500000
Mehrauli,450,1,1,1700000
Mehrauli,1044,3,2,6000000
Mehrauli,405,1,1,1600000
Mehrauli,540,1,1,1700000
Mehrauli,855,2,2,4000000
Mehrauli,1350,3,3,8500000
Mehrauli,1250,3,3,8500000
Mehrauli,500,1,2,2100000
Mehrauli,1500,3,3,8400000
Mehrauli,1675,4,3,13500000
Mehrauli,850,2,2,2800000
Mehrauli,1080,3,3,6000000
Mehrauli,650,2,2,2750000
Mehrauli,405,1,1,1500000
Mehrauli,675,2,1,2200000
Mehrauli,800,3,3,4500000
Mehrauli,1050,3,2,5600000
Mehrauli,405,1,1,1800000
Mehrauli,1350,3,3,8500000
Mehrauli,1350,3,3,8500000
Mehrauli,1170,3,3,7200000
Mehrauli,450,1,1,1700000
Mehrauli,1300,3,3,7000000
Mehrauli,1250,3,2,6500000
New Friends Colony,540,2,1,1500000
New Friends Colony,1800,4,4,65000000
New Friends Colony,4300,4,4,60000000
New Friends Colony,1700,3,3,38500000
New Friends Colony,2500,3,3,50000000
New Friends Colony,4500,4,4,75000000
New Friends Colony,2450,4,4,70000000
New Friends Colony,1600,3,3,40000000
New Friends Colony,3500,4,4,90000000
New Friends Colony,4800,3,4,85000000
New Friends Colony,1400,3,3,50000000
New Friends Colony,4500,4,4,55000000
New Friends Colony,2700,4,4,52500000
New Friends Colony,2800,4,5,75000000
New Friends Colony,4500,4,4,70000000
New Friends Colony,2550,4,4,60000000
New Friends Colony,2000,4,4,70000000
New Friends Colony,3500,3,3,45000000
New Friends Colony,2070,3,3,37500000
New Friends Colony,3510,4,4,45000000
New Friends Colony,3500,4,5,58000000
New Friends Colony,1500,3,3,60000000
New Friends Colony,2200,4,4,50000000
New Friends Colony,4500,4,4,60000000
New Friends Colony,2100,4,5,56000000
Paschim Vihar,450,2,2,5000000
Paschim Vihar,780,2,2,8770000
Paschim Vihar,405,1,1,4500000
Paschim Vihar,900,2,3,8500000
Paschim Vihar,807,2,2,8600000
Paschim Vihar,2700,4,3,42500000
Paschim Vihar,1100,3,2,13100000
Paschim Vihar,1800,3,2,26500000
Paschim Vihar,585,2,2,7000000
Paschim Vihar,1818,3,3,22000000
Paschim Vihar,2153,3,3,30000000
Paschim Vihar,960,2,2,13000000
Paschim Vihar,1150,3,3,21000000
Paschim Vihar,800,3,2,6300000
Paschim Vihar,1078,3,2,15500000
Paschim Vihar,1620,3,3,26000000
Paschim Vihar,900,2,2,12500000
Paschim Vihar,1350,3,3,15000000
Paschim Vihar,1800,4,3,23100000
Paschim Vihar,1500,3,2,18000000
Paschim Vihar,800,3,2,12000000
Paschim Vihar,594,2,1,6500000
Paschim Vihar,820,2,3,7500000
Paschim Vihar,1580,3,2,21000000
Paschim Vihar,850,3,3,5700000
Paschim Vihar,1620,3,3,24500000
Paschim Vihar,378,1,1,3200000
Paschim Vihar,1710,3,3,22000000
Paschim Vihar,1100,3,2,16000000
Patel Nagar,800,3,2,8000000
Patel Nagar,1500,3,3,12500000
Patel Nagar,2306,3,3,57000000
Patel Nagar,900,3,2,9500000
Patel Nagar,1680,4,5,20000000
Patel Nagar,900,2,2,7400000
Patel Nagar,2000,3,3,37500000
Patel Nagar,2306,3,3,57000000
Patel Nagar,2000,4,4,15000000
Patel Nagar,1900,3,3,55300000
Patel Nagar,1530,3,3,26500000
Patel Nagar,900,3,2,10400000
Patel Nagar,950,2,2,8000000
Patel Nagar,3901,4,4,93000000
Patel Nagar,1800,3,3,27000000
Patel Nagar,1500,3,3,19500000
Patel Nagar,3901,4,4,93000000
Patel Nagar,1800,3,3,21100000
Patel Nagar,2306,3,3,57000000
Patel Nagar,850,2,3,5900000
Patel Nagar,900,3,2,12000000
Patel Nagar,1800,3,3,24000000
Patel Nagar,1782,3,3,15000000
Patel Nagar,900,2,2,1500000
Patel Nagar,405,2,1,3950000
Patel Nagar,3901,4,4,93000000
Patel Nagar,1800,3,3,50000000
Rohini,800,3,2,6500000
Rohini,985,3,3,6800000
Rohini,900,3,2,4500000
Rohini,431,1,1,5300000
Rohini,900,2,2,10500000
Rohini,915,2,2,12000000
Rohini,1100,3,3,7000000
Rohini,800,3,2,7000000
Rohini,850,2,2,11000000
Rohini,500,1,1,3400000
Rohini,1000,2,2,7600000
Rohini,1360,4,3,13500000
Rohini,1550,4,3,12500000
Rohini,850,3,2,6500000
Rohini,2170,4,4,22000000
Rohini,720,3,2,6000000
Rohini,2160,4,4,21000000
Rohini,850,3,2,7300000
Rohini,650,2,2,6000000
Rohini,1100,4,3,17000000
Rohini,950,2,2,15500000
Rohini,750,2,2,5000000
Rohini,600,2,2,4200000
Rohini,650,2,2,6200000
Rohini,1300,4,3,15500000
Rohini,1350,4,3,10000000
Rohini,1150,3,3,25000000
Rohini,650,2,2,4000000
Rohini,1100,3,2,6200000
Rohini,870,3,2,7700000
Rohini,630,2,2,5500000
Rohini,660,2,2,5000000
Rohini,660,2,2,4700000
Rohini,550,2,2,4500000
Rohini,1300,4,4,15000000
Rohini,950,3,2,7600000
Rohini,2300,4,4,20000000
Rohini,1500,3,2,12000000
Rohini,750,2,2,5000000
Rohini,720,3,2,6500000
Rohini,850,3,2,7000000
Rohini,800,3,2,5500000
Rohini,1150,3,2,10000000
Rohini,2300,4,4,24500000
Rohini,1550,4,3,13000000
Rohini,2200,4,4,23000000
Rohini,350,1,1,2400000
Rohini,700,3,2,4700000
Rohini,1295,3,2,10000000
Rohini,800,3,2,5500000
Rohini,2800,5,4,17500000
Rohini,2500,4,3,15000000
Rohini,450,2,2,3800000
Rohini,550,2,2,3500000
Rohini,750,2,2,5000000
Rohini,630,2,2,4100000
Rohini,1300,4,4,15000000
Rohini,1100,3,2,6200000
Rohini,1030,3,2,6200000
Rohini,350,1,1,2300000
Rohini,750,2,2,5000000
Rohini,720,2,2,4700000
Rohini,800,2,2,5500000
Rohini,350,1,1,2000000
Rohini,980,3,2,7300000
Rohini,1600,4,3,13000000
Rohini,1450,3,3,11500000
Rohini,445,2,2,2800000
Rohini,380,1,1,2200000
Rohini,680,2,2,4400000
Rohini,1600,3,3,13500000
Rohini,1550,4,3,13000000
Safdarjung Enclave,2200,4,4,52500000
Safdarjung Enclave,1450,3,3,37500000
Safdarjung Enclave,2035,4,4,65000000
Safdarjung Enclave,1800,3,3,37500000
Safdarjung Enclave,1300,3,3,32500000
Safdarjung Enclave,1500,3,3,37500000
Safdarjung Enclave,2100,4,4,55000000
Safdarjung Enclave,1800,4,4,87500000
Safdarjung Enclave,1100,2,2,16300000
Safdarjung Enclave,1100,3,3,25000000
Safdarjung Enclave,1550,3,3,38000000
Safdarjung Enclave,700,2,2,15000000
Safdarjung Enclave,540,1,1,3000000
Safdarjung Enclave,3250,4,4,55000000
Safdarjung Enclave,1600,3,3,22500000
Safdarjung Enclave,810,2,2,8500000
Safdarjung Enclave,900,3,3,12500000
Safdarjung Enclave,4200,4,5,74000000
Safdarjung Enclave,880,3,2,11000000
Safdarjung Enclave,2250,4,4,80000000
Safdarjung Enclave,1700,4,5,52500000
Safdarjung Enclave,4000,4,4,72500000
Safdarjung Enclave,2610,4,4,42500000
Safdarjung Enclave,600,2,2,4700000
Safdarjung Enclave,1650,3,3,35000000
Safdarjung Enclave,2250,4,5,55000000
Safdarjung Enclave,4150,4,4,82500000
Safdarjung Enclave,972,2,2,17000000
Saket,1700,3,3,29000000
Saket,2250,4,4,33700000
Saket,1500,3,3,27000000
Saket,2700,4,4,43500000
Saket,2100,3,4,25000000
Saket,1700,3,3,30000000
Saket,900,3,2,24000000
Saket,1800,3,3,32500000
Saket,1500,3,2,20500000
Saket,2000,4,3,25000000
Saket,1500,3,3,30000000
Saket,1500,3,2,21500000
Saket,990,3,3,28000000
Saket,2050,4,4,52100000
Saket,1300,3,3,22500000
Saket,2475,4,4,31000000
Saket,1674,3,3,45000000
Saket,1800,3,3,23000000
Saket,3000,4,5,75000000
Saket,2050,4,4,47500000
Saket,1450,3,3,34000000
Saket,3000,4,5,75000000
Saket,2600,4,4,75000000
Saket,2100,4,3,25500000
Saket,2025,4,3,30500000
Saket,1700,4,3,29500000
Saket,1500,3,2,28500000
Saket,1800,4,4,12500000
Saket,1350,3,2,19000000
Sarita Vihar,1500,3,3,17000000
Sarita Vihar,1000,2,2,13000000
Sarita Vihar,1600,4,2,15800000
Sarita Vihar,1600,4,2,15500000
Sarita Vihar,1250,3,2,16000000
Sarita Vihar,950,2,2,12900000
Sarita Vihar,1200,3,3,13500000
Sarita Vihar,1400,4,2,17800000
Sarita Vihar,950,2,2,13200000
Sarita Vihar,1350,3,3,14000000
Sarita Vihar,1550,4,2,17500000
Sarita Vihar,1300,3,2,17000000
Sarita Vihar,1150,2,2,10800000
Sarita Vihar,1500,3,2,14000000
Sarita Vihar,1150,2,2,13500000
Sarita Vihar,1500,3,2,13500000
Sarita Vihar,1500,3,2,13600000
Sarita Vihar,1200,3,2,13500000
Sarita Vihar,1400,4,2,17400000
Sarita Vihar,1500,4,2,17800000
Sarita Vihar,1050,2,2,12700000
Sarita Vihar,1550,4,2,16200000
Sarita Vihar,950,2,2,12700000
Sarita Vihar,1150,2,2,13600000
Sarita Vihar,1150,2,2,13100000
Sarita Vihar,1150,2,2,12500000
Sarita Vihar,950,2,2,11100000
Sheikh Sarai,1500,3,3,22500000
Sheikh Sarai,1292,3,2,23500000
Sheikh Sarai,1300,2,2,16000000
Sheikh Sarai,1350,3,3,20000000
Sheikh Sarai,900,2,2,5500000
Sheikh Sarai,850,2,2,13500000
Sheikh Sarai,630,2,2,4600000
Sheikh Sarai,650,2,2,3800000
Sheikh Sarai,1250,2,1,17500000
Sheikh Sarai,1800,4,3,5500000
Sheikh Sarai,855,3,2,6500000
Sheikh Sarai,1100,2,2,12500000
Sheikh Sarai,1650,3,3,22500000
Sheikh Sarai,450,1,1,2200000
Sheikh Sarai,600,1,1,7000000
Sheikh Sarai,1600,3,4,18800000
Sheikh Sarai,600,3,2,8000000
Sheikh Sarai,1250,3,3,5800000
Sheikh Sarai,1100,2,2,13500000
Sheikh Sarai,1800,3,4,19000000
Sheikh Sarai,1700,3,3,8000000
Sheikh Sarai,585,2,2,4000000
Sheikh Sarai,810,3,2,7500000
Sheikh Sarai,1250,2,4,19000000
Sheikh Sarai,1600,3,3,22500000
Sheikh Sarai,1600,3,3,21000000
Sheikh Sarai,1400,3,2,19000000
Sheikh Sarai,1600,3,3,21000000
Sheikh Sarai,1100,3,2,6000000
Sheikh Sarai,1300,2,2,15500000
Vasant Kunj,2000,4,2,40000000
Vasant Kunj,1600,3,2,18500000
Vasant Kunj,1600,4,3,23500000
Vasant Kunj,1100,2,2,15000000
Vasant Kunj,1400,3,2,25000000
Vasant Kunj,1100,2,2,15000000
Vasant Kunj,1200,3,2,20000000
Vasant Kunj,2000,4,4,36500000
Vasant Kunj,2000,3,3,31000000
Vasant Kunj,650,1,2,7400000
Vasant Kunj,1100,2,2,15500000
Vasant Kunj,1075,2,2,12000000
Vasant Kunj,1450,3,2,23500000
Vasant Kunj,1200,3,2,25000000
Vasant Kunj,600,1,2,7000000
Vasant Kunj,1000,2,2,17500000
Vasant Kunj,1600,3,2,25000000
Vasant Kunj,1750,4,4,29000000
Vasant Kunj,1300,3,3,21900000
Vasant Kunj,550,1,2,7500000
Vasant Kunj,2200,4,3,23500000
Vasant Kunj,1100,2,2,24000000
Vasant Kunj,1700,3,2,31000000
Vasant Kunj,1100,2,2,16500000
Vasant Kunj,1000,2,2,5000000
Vasant Kunj,1350,3,2,24000000
Vasant Kunj,1184,2,2,17000000
Vasant Kunj,3500,4,4,22500000
Vasant Kunj,900,3,3,20000000
Vasant Kunj,1100,2,2,15000000
Vasant Kunj,1750,4,4,29000000
Vasant Kunj,600,1,1,8000000
Vasant Kunj,1600,3,2,23000000
Yamuna Vihar,810,3,2,6000000
Yamuna Vihar,675,4,3,16000000
Yamuna Vihar,810,3,2,6000000
Yamuna Vihar,750,1,2,6400000
Yamuna Vihar,540,2,1,2700000
Yamuna Vihar,747,2,2,6500000
Yamuna Vihar,720,2,1,4000000
Yamuna Vihar,377,1,1,3000000
Yamuna Vihar,1125,2,2,5000000
Yamuna Vihar,713,2,2,6000000
Yamuna Vihar,360,1,1,2500000
Yamuna Vihar,900,2,2,6500000
Yamuna Vihar,713,3,1,8000000
Yamuna Vihar,504,2,1,2700000
Yamuna Vihar,850,3,2,5700000
Yamuna Vihar,2430,4,3,25000000
Yamuna Vihar,2475,3,3,70000000
Yamuna Vihar,2250,3,2,18500000
Yamuna Vihar,1500,5,3,30000000
Yamuna Vihar,1512,2,2,22000000
Yamuna Vihar,630,3,2,22500000
Yamuna Vihar,675,4,2,18500000
Yamuna Vihar,700,2,1,16000000
Yamuna Vihar,720,4,2,9000000
Yamuna Vihar,2160,3,3,65000000
