Location,Area,Bedrooms,Age,Price
Noida Extension,650,1,2,3200000
Noida Extension,850,2,4,4200000
Noida Extension,1050,2,1,5500000
Noida Extension,1150,3,3,6200000
Noida Extension,1350,3,2,7200000
Noida Extension,1550,3,5,7800000
Noida Extension,1750,4,2,9200000
Noida Extension,2000,4,1,10500000
Sector 62,700,1,8,4800000
Sector 62,950,2,6,6800000
Sector 62,1100,2,4,8000000
Sector 62,1350,3,5,10200000
Sector 62,1600,3,3,12200000
Sector 62,1850,3,7,13500000
Sector 62,2100,4,4,16500000
Sector 62,2400,4,2,19000000
Sector 137,800,1,3,6500000
Sector 137,1050,2,4,8800000
Sector 137,1250,2,2,10500000
Sector 137,1450,3,3,12800000
Sector 137,1650,3,1,15200000
Sector 137,1900,3,5,16800000
Sector 137,2200,4,2,21000000
Sector 137,2600,4,1,25500000
Sector 50,900,1,10,8200000
Sector 50,1200,2,7,12500000
Sector 50,1400,2,5,14800000
Sector 50,1700,3,6,19200000
Sector 50,2000,3,3,23500000
Sector 50,2300,4,4,28000000
Sector 50,2800,4,2,34500000
Sector 50,3200,5,3,41000000
Sector 150,1100,2,2,12500000
Sector 150,1350,2,1,15800000
Sector 150,1600,3,2,19500000
Sector 150,1950,3,1,24500000
Sector 150,2300,4,2,29500000
Sector 150,2700,4,1,36000000
Sector 150,3200,4,0,44000000
Sector 150,3800,5,1,53000000
